	genes	chrs	starts	ends	oldsnps
1	CAMKV	chr3	49600000	50200000	rs2777888
2	TCF4	chr18	54500000	56500000	rs35371867
3	KANSL1	chr17	45500000	46500000	rs2532252
4	DCC	chr18	52300000	53700000	rs17408393
5	EGR3	chr8	22193302	23193302	rs10105545
6	KCNB2	chr8	71600000	74500000	rs6472716
7	LRFN5	chr14	41105000	42300000	rs1684713
8	OPCML	chr11	132200000	134500000	rs10791303
9	KCNIP4	chr4	20600000	22600000	rs4697248
10	SRPK2	chr7	104800000	105800000	rs67529088
11	ELFN1	chr7	1450000	2350000	rs10235664
12	CRHR1	chr17	45300000	46300000	rs242925
